{"schemaVersion":"1.0","appDefinitionTemplate":{"id":"/providers/Microsoft.PowerApps/apps/","type":"Microsoft.PowerApps/apps","tags":{"primaryDeviceWidth":"640","primaryDeviceHeight":"1136","sienaVersion":"20210915T130627Z-3.21085.24.0","deviceCapabilities":"location","supportsPortrait":"true","supportsLandscape":"true","primaryFormFactor":"Phone","publisherVersion":"3.21085.24","minimumRequiredApiVersion":"2.2.0","hasComponent":"true","hasUnlockedComponent":"true","isUnifiedRootApp":"false"},"properties":{"appVersion":"2021-09-15T13:06:27Z","lifeCycleId":"Published","createdByClientVersion":{"major":3,"minor":21085,"build":24,"revision":0,"majorRevision":0,"minorRevision":0},"minClientVersion":{"major":3,"minor":21085,"build":24,"revision":0,"majorRevision":0,"minorRevision":0},"backgroundColor":"rgba(0, 176, 240, 1)","backgroundImageUri":"/14358358338593458194/Nc537906b-61ac-47c2-961a-d51868bf5cc2-logoSmallFile","displayName":"Otowa","description":"","commitMessage":"","appUris":{"documentUri":{"value":"/14358358338593458194/N95c918e5-fc2b-48f6-9477-897a014d4284-document.msapp"},"imageUris":[]},"createdTime":"0001-01-01T00:00:00Z","lastModifiedTime":"0001-01-01T00:00:00Z","sharedGroupsCount":0,"sharedUsersCount":0,"icons":{"smallIconUri":"/14358358338593458194/N6221753c-04f1-4b0b-bb02-3bb2866b9b37-small.png","mediumIconUri":"/14358358338593458194/Nca0f9985-c92c-40be-a2ee-66630043c9ed-medium.png","largeIconUri":"/14358358338593458194/Nf420ffb5-1a37-48ea-b260-16f683106b5d-large.png","wideIconUri":"/14358358338593458194/N39b574ec-532c-450a-a806-c8a9e4d154de-wide.png"},"connectionReferences":{"eedf8eb2-0684-4da9-b314-3f2bd0c5969a":{"id":"ab9edc00-01d9-45ef-935d-778417cd92ce","displayName":"Twitter","iconUri":"https://connectoricons-prod.azureedge.net/releases/v1.0.1473/1.0.1473.2431/twitter/icon.png","dataSources":["Twitter"],"dependencies":[],"dependents":[],"parameterHints":{},"parameterHintsV2":{},"isOnPremiseConnection":false,"bypassConsent":false,"dataSets":{},"apiTier":"Standard","isCustomApiConnection":false,"authenticationType":"shared-application","actions":["Tweet","UserTimeline","User"]}},"databaseReferences":{},"almMode":"Environment","performanceOptimizationEnabled":true,"canConsumeAppPass":true,"executionRestrictions":{"isTeamsOnly":false,"dataLossPreventionEvaluationResult":{"status":"Compliant","lastEvaluationDate":"2021-09-15T10:14:43.9088433Z","violations":[],"violationsByPolicy":[],"violationErrorMessage":"このアプリでは、次のコネクタが使用されます: 。"}}},"appType":"ClassicCanvasApp","appComponents":[]}}