{"schemaVersion":"1.0","appDefinitionTemplate":{"id":"/providers/Microsoft.PowerApps/apps/","type":"Microsoft.PowerApps/apps","tags":{"primaryDeviceWidth":"640","primaryDeviceHeight":"1136","sienaVersion":"20210918T014332Z-3.21091.38.0","deviceCapabilities":"location","supportsPortrait":"true","supportsLandscape":"true","primaryFormFactor":"Phone","publisherVersion":"3.21091.38","minimumRequiredApiVersion":"2.2.0","hasComponent":"true","hasUnlockedComponent":"true","isUnifiedRootApp":"false"},"properties":{"appVersion":"2021-09-18T01:43:32Z","lifeCycleId":"Published","createdByClientVersion":{"major":3,"minor":21091,"build":38,"revision":0,"majorRevision":0,"minorRevision":0},"minClientVersion":{"major":3,"minor":21091,"build":38,"revision":0,"majorRevision":0,"minorRevision":0},"backgroundColor":"rgba(0, 200, 238, 1)","backgroundImageUri":"/14358358338593458194/N706d87f4-f6c7-4c6b-ba1f-370de356de2e-logoSmallFile","displayName":"Otowa","description":"","commitMessage":"","appUris":{"documentUri":{"value":"/14358358338593458194/N34a42572-e6c3-4685-88e0-e7e658f75fa8-document.msapp"},"imageUris":[]},"createdTime":"0001-01-01T00:00:00Z","lastModifiedTime":"0001-01-01T00:00:00Z","sharedGroupsCount":0,"sharedUsersCount":0,"icons":{"smallIconUri":"/14358358338593458194/N54b0eab7-6fe5-4530-a867-fc2878549520-small.png","mediumIconUri":"/14358358338593458194/N64445b2f-87b5-40dc-bd3a-18ae21d23983-medium.png","largeIconUri":"/14358358338593458194/N5607e648-f2ca-4307-b44c-40a976075ce2-large.png","wideIconUri":"/14358358338593458194/Nb19fa2ee-afaf-4190-af1d-567f0f71faa8-wide.png"},"connectionReferences":{"eedf8eb2-0684-4da9-b314-3f2bd0c5969a":{"id":"ab9edc00-01d9-45ef-935d-778417cd92ce","displayName":"Twitter","iconUri":"https://connectoricons-prod.azureedge.net/releases/v1.0.1473/1.0.1473.2431/twitter/icon.png","dataSources":["Twitter"],"dependencies":[],"dependents":[],"parameterHints":{},"parameterHintsV2":{},"isOnPremiseConnection":false,"bypassConsent":false,"dataSets":{},"apiTier":"Standard","isCustomApiConnection":false,"authenticationType":"shared-application","actions":["Tweet","UserTimeline","User"]}},"databaseReferences":{"default.cds":{"databaseDetails":{"referenceType":"Environmental","environmentName":"default.cds","overrideValues":{"status":"NotSpecified"}},"dataSources":{"Towns":{"entitySetName":"oto_towns","logicalName":"oto_town"}},"actions":["providers/PowerPlatform.Governance/Operations/Read"]}},"almMode":"Solution","performanceOptimizationEnabled":true,"canConsumeAppPass":true,"executionRestrictions":{"isTeamsOnly":false,"dataLossPreventionEvaluationResult":{"status":"Compliant","lastEvaluationDate":"2021-09-15T10:14:43.9088433Z","violations":[],"violationsByPolicy":[],"violationErrorMessage":"このアプリでは、次のコネクタが使用されます: 。"}}},"appType":"ClassicCanvasApp","appComponents":[]}}