{"schemaVersion":"1.0","appDefinitionTemplate":{"id":"/providers/Microsoft.PowerApps/apps/","type":"Microsoft.PowerApps/apps","tags":{"primaryDeviceWidth":"640","primaryDeviceHeight":"1136","sienaVersion":"20210918T100246Z-3.21091.38.0","deviceCapabilities":"location","supportsPortrait":"true","supportsLandscape":"true","primaryFormFactor":"Phone","publisherVersion":"3.21091.38","minimumRequiredApiVersion":"2.2.0","hasComponent":"true","hasUnlockedComponent":"true","isUnifiedRootApp":"false"},"properties":{"appVersion":"2021-09-18T10:02:46Z","lifeCycleId":"Published","createdByClientVersion":{"major":3,"minor":21091,"build":38,"revision":0,"majorRevision":0,"minorRevision":0},"minClientVersion":{"major":3,"minor":21091,"build":38,"revision":0,"majorRevision":0,"minorRevision":0},"backgroundColor":"rgba(0, 200, 238, 1)","backgroundImageUri":"/14358358338593458194/Na0a76775-38d6-4dbe-9db4-fb130a43b202-logoSmallFile","displayName":"Otowa","description":"","commitMessage":"","appUris":{"documentUri":{"value":"/14358358338593458194/N5468351e-b6c3-432c-a5d2-bc5a4a7e8e18-document.msapp"},"imageUris":[]},"createdTime":"0001-01-01T00:00:00Z","lastModifiedTime":"0001-01-01T00:00:00Z","sharedGroupsCount":0,"sharedUsersCount":0,"icons":{"smallIconUri":"/14358358338593458194/Nd2e0b95b-b615-4e89-92bb-804e3f588d58-small.png","mediumIconUri":"/14358358338593458194/N509d352d-3f9b-457c-80e9-8019954c02b1-medium.png","largeIconUri":"/14358358338593458194/N19c70955-3ccb-4200-8dcc-ab79b4ec02ac-large.png","wideIconUri":"/14358358338593458194/N1c5b0bbd-8247-4f4f-b109-46182e3bf98f-wide.png"},"connectionReferences":{"eedf8eb2-0684-4da9-b314-3f2bd0c5969a":{"id":"ab9edc00-01d9-45ef-935d-778417cd92ce","displayName":"Twitter","iconUri":"https://connectoricons-prod.azureedge.net/releases/v1.0.1473/1.0.1473.2431/twitter/icon.png","dataSources":["Twitter"],"dependencies":[],"dependents":[],"parameterHints":{},"parameterHintsV2":{},"isOnPremiseConnection":false,"bypassConsent":false,"dataSets":{},"apiTier":"Standard","isCustomApiConnection":false,"authenticationType":"shared-application","actions":["Tweet","User","HomeTimeline","UserTimeline"]}},"databaseReferences":{"default.cds":{"databaseDetails":{"referenceType":"Environmental","environmentName":"default.cds","overrideValues":{"status":"NotSpecified"}},"dataSources":{"Towns":{"entitySetName":"oto_towns","logicalName":"oto_town"}},"actions":["providers/PowerPlatform.Governance/Operations/Read"]}},"almMode":"Solution","performanceOptimizationEnabled":true,"canConsumeAppPass":true,"executionRestrictions":{"isTeamsOnly":false,"dataLossPreventionEvaluationResult":{"status":"Compliant","lastEvaluationDate":"2021-09-15T10:14:43.9088433Z","violations":[],"violationsByPolicy":[],"violationErrorMessage":"このアプリでは、次のコネクタが使用されます: 。"}}},"appType":"ClassicCanvasApp","appComponents":[]}}